Partition,DataSet,Algorithm,NNbrs,BuildTime,TestTime,NUsers,NAttempted,NGood,Coverage,RMSE.ByUser,RMSE.ByRating,Predict.nDCG,TopN.nDCG,TopN.TagEntropy
1,ratings.csv,PersMean,,1.673,7.298,142,1420,1420,1.0,0.8819030281855783,0.9366786476032618,0.9449900298368674,1.432575500568951E-4,4.53664858738159
1,ratings.csv,UserUser,5,1.076,37.672000000000004,142,1420,1385,0.9753521126760564,0.8962597659047807,0.9459525273887502,0.933466978476003,0.0,4.637999123153404
1,ratings.csv,UserUser,10,1.075,39.834,142,1420,1385,0.9753521126760564,0.8734764151008423,0.9239004881367484,0.9341690754859111,0.0,4.527700544982419
1,ratings.csv,UserUser,15,0.108,35.515,142,1420,1385,0.9753521126760564,0.8694230767397468,0.9211545038876876,0.9336004627275304,0.0,4.4858758122786515
1,ratings.csv,UserUser,20,0.057,27.575,142,1420,1385,0.9753521126760564,0.8690911317225611,0.9217471174178481,0.9329775147385719,0.0,4.471436873675624
